0,0.3130596428571429,0.488,0.478,0.499,0.497,0.489,0.489,0.497,0.495,0.496,0.47
0,0.3130596428571429,0.488,0.478,0.499,0.497,0.489,0.489,0.497,0.495,0.496,0.47
1000,0.31632428571428567,0.499,0.474,0.504,0.495,0.498,0.496,0.508,0.485,0.492,0.468
2000,0.3215410714285714,0.502,0.48,0.506,0.515,0.49,0.503,0.513,0.49,0.479,0.49
3000,0.3212976984126984,0.498,0.48,0.521,0.515,0.506,0.496,0.513,0.476,0.485,0.477
4000,0.3227461507936508,0.496,0.478,0.518,0.515,0.503,0.483,0.519,0.495,0.486,0.475
5000,0.3195544841269841,0.503,0.481,0.513,0.494,0.47,0.48,0.497,0.482,0.504,0.484
6000,0.31850623015873014,0.499,0.481,0.504,0.494,0.463,0.478,0.49,0.497,0.5,0.485
7000,0.31685749999999996,0.499,0.471,0.503,0.46,0.466,0.477,0.475,0.492,0.499,0.483
8000,0.31625623015873017,0.497,0.485,0.493,0.462,0.436,0.476,0.493,0.494,0.501,0.476
9000,0.3191103968253968,0.498,0.488,0.497,0.466,0.43,0.476,0.486,0.503,0.495,0.48
10000,0.31856690476190475,0.494,0.485,0.49,0.47,0.438,0.464,0.491,0.506,0.49,0.489
11000,0.31801750000000006,0.493,0.486,0.49,0.475,0.44,0.463,0.494,0.508,0.494,0.487
12000,0.3198114285714286,0.489,0.486,0.502,0.479,0.457,0.475,0.497,0.508,0.491,0.489
13000,0.32309567460317457,0.498,0.494,0.503,0.477,0.463,0.488,0.497,0.506,0.489,0.486
14000,0.32204579365079367,0.494,0.494,0.499,0.476,0.464,0.486,0.488,0.508,0.496,0.488
15000,0.32185138888888887,0.495,0.49,0.494,0.477,0.46,0.487,0.49,0.508,0.498,0.491
16000,0.3213049603174603,0.494,0.484,0.486,0.475,0.461,0.487,0.494,0.506,0.509,0.487
17000,0.3216275396825397,0.486,0.488,0.473,0.47,0.451,0.494,0.493,0.507,0.506,0.494
18000,0.31820884920634923,0.478,0.48,0.478,0.472,0.444,0.478,0.492,0.501,0.513,0.488
19000,0.3200334126984127,0.482,0.474,0.478,0.473,0.447,0.482,0.493,0.499,0.521,0.486
20000,0.32029111111111114,0.478,0.477,0.474,0.472,0.443,0.489,0.49,0.5,0.518,0.493
21000,0.3222787301587302,0.483,0.481,0.477,0.474,0.443,0.493,0.485,0.498,0.521,0.49
22000,0.32323777777777774,0.48,0.481,0.479,0.483,0.446,0.498,0.488,0.497,0.521,0.487
23000,0.32372456349206347,0.489,0.48,0.48,0.492,0.437,0.499,0.493,0.49,0.515,0.481
24000,0.3254756349206349,0.492,0.486,0.478,0.494,0.442,0.497,0.492,0.492,0.513,0.484
25000,0.3235708333333333,0.489,0.483,0.477,0.489,0.438,0.498,0.493,0.496,0.514,0.474
26000,0.32129611111111117,0.485,0.483,0.476,0.484,0.437,0.496,0.49,0.494,0.511,0.469
27000,0.32169595238095233,0.487,0.48,0.478,0.494,0.437,0.497,0.491,0.488,0.512,0.465
28000,0.3222696031746031,0.486,0.482,0.476,0.494,0.437,0.491,0.497,0.488,0.505,0.469
29000,0.32080353174603177,0.488,0.482,0.476,0.487,0.436,0.488,0.495,0.486,0.508,0.466
30000,0.3227009126984127,0.484,0.486,0.479,0.492,0.438,0.489,0.492,0.491,0.511,0.465
31000,0.321838253968254,0.483,0.486,0.472,0.481,0.431,0.484,0.488,0.49,0.515,0.475
32000,0.322220873015873,0.483,0.483,0.469,0.483,0.428,0.481,0.495,0.486,0.51,0.477
33000,0.3216055952380952,0.475,0.487,0.473,0.477,0.424,0.478,0.495,0.491,0.51,0.476
34000,0.3205496825396825,0.469,0.488,0.471,0.478,0.432,0.479,0.491,0.489,0.508,0.479
35000,0.32165734126984125,0.471,0.486,0.475,0.472,0.435,0.484,0.492,0.496,0.507,0.477
36000,0.32043190476190475,0.474,0.488,0.473,0.468,0.432,0.482,0.489,0.492,0.502,0.48
37000,0.32066809523809525,0.469,0.491,0.468,0.473,0.433,0.483,0.496,0.492,0.501,0.484
38000,0.3215348809523809,0.477,0.491,0.472,0.468,0.428,0.484,0.495,0.49,0.502,0.486
39000,0.3216846825396825,0.475,0.492,0.472,0.469,0.428,0.486,0.493,0.489,0.506,0.486
40000,0.3214639682539682,0.475,0.491,0.468,0.472,0.43,0.483,0.493,0.494,0.504,0.488
41000,0.3221590476190476,0.48,0.497,0.467,0.472,0.426,0.478,0.492,0.493,0.504,0.489
42000,0.3218504365079365,0.478,0.497,0.465,0.472,0.427,0.475,0.491,0.492,0.506,0.49
43000,0.3208238492063492,0.475,0.493,0.463,0.474,0.429,0.477,0.489,0.497,0.501,0.492
44000,0.32051630952380955,0.472,0.496,0.461,0.481,0.427,0.475,0.49,0.493,0.502,0.49
45000,0.3210664285714286,0.473,0.497,0.46,0.483,0.429,0.475,0.49,0.495,0.504,0.494
46000,0.3220671825396826,0.482,0.494,0.46,0.488,0.428,0.475,0.493,0.494,0.502,0.493
47000,0.3221642063492064,0.482,0.498,0.459,0.489,0.431,0.471,0.491,0.498,0.505,0.492
48000,0.3266873015873016,0.476,0.509,0.463,0.494,0.437,0.482,0.497,0.509,0.499,0.493
49000,0.32541158730158737,0.478,0.516,0.463,0.483,0.442,0.489,0.497,0.5,0.504,0.497
50000,0.31815722222222226,0.482,0.527,0.472,0.504,0.455,0.505,0.487,0.519,0.502,0.493
51000,0.3480259523809524,0.489,0.555,0.508,0.506,0.518,0.538,0.509,0.529,0.497,0.493
52000,0.36720202380952377,0.501,0.575,0.508,0.524,0.526,0.544,0.504,0.515,0.505,0.505
53000,0.3774787301587302,0.506,0.571,0.521,0.526,0.54,0.542,0.517,0.519,0.501,0.511
54000,0.3832175,0.512,0.577,0.518,0.531,0.538,0.544,0.518,0.52,0.506,0.517
55000,0.38768753968253966,0.519,0.579,0.515,0.536,0.539,0.544,0.52,0.519,0.514,0.52
56000,0.38801623015873016,0.523,0.575,0.517,0.542,0.547,0.542,0.518,0.515,0.498,0.515
57000,0.38986531746031744,0.534,0.568,0.522,0.54,0.552,0.542,0.518,0.51,0.497,0.513
58000,0.3938000793650793,0.542,0.564,0.523,0.541,0.56,0.544,0.516,0.514,0.497,0.521
59000,0.39462884920634916,0.545,0.56,0.524,0.544,0.557,0.546,0.519,0.514,0.492,0.514
60000,0.39505011904761905,0.541,0.562,0.525,0.537,0.558,0.547,0.526,0.515,0.497,0.508
61000,0.39685039682539686,0.545,0.562,0.527,0.54,0.561,0.539,0.529,0.511,0.501,0.512
62000,0.3986984523809524,0.551,0.56,0.53,0.537,0.561,0.547,0.526,0.512,0.502,0.512
63000,0.3997900396825397,0.552,0.561,0.527,0.543,0.568,0.546,0.527,0.508,0.499,0.51
64000,0.40082654761904757,0.552,0.559,0.527,0.544,0.564,0.547,0.529,0.511,0.498,0.511
65000,0.4011001984126984,0.552,0.556,0.527,0.544,0.563,0.547,0.533,0.512,0.495,0.512
66000,0.40450412698412697,0.551,0.558,0.528,0.545,0.561,0.552,0.542,0.512,0.502,0.52
67000,0.40654809523809526,0.551,0.558,0.537,0.545,0.56,0.549,0.546,0.515,0.503,0.52
68000,0.4063126984126984,0.552,0.556,0.535,0.543,0.562,0.549,0.548,0.519,0.5,0.517
69000,0.4061879365079365,0.554,0.558,0.536,0.539,0.564,0.546,0.545,0.515,0.498,0.516
70000,0.40656531746031743,0.556,0.559,0.535,0.54,0.563,0.546,0.546,0.515,0.495,0.514
71000,0.40695912698412695,0.556,0.56,0.539,0.537,0.564,0.542,0.548,0.513,0.5,0.51
72000,0.40733511904761904,0.558,0.558,0.537,0.534,0.566,0.542,0.547,0.516,0.503,0.512
73000,0.40708281746031744,0.552,0.558,0.536,0.539,0.564,0.546,0.547,0.516,0.502,0.514
74000,0.40757710317460316,0.553,0.559,0.538,0.536,0.568,0.543,0.548,0.516,0.504,0.51
75000,0.40798,0.551,0.56,0.538,0.538,0.57,0.543,0.545,0.516,0.501,0.513
76000,0.4099082936507937,0.552,0.561,0.54,0.535,0.569,0.547,0.551,0.518,0.506,0.515
77000,0.4100200396825397,0.549,0.563,0.537,0.534,0.57,0.547,0.55,0.522,0.504,0.513
78000,0.4105781746031746,0.553,0.564,0.535,0.535,0.569,0.548,0.551,0.52,0.501,0.514
79000,0.4089096825396825,0.55,0.563,0.534,0.537,0.565,0.546,0.549,0.517,0.503,0.515
80000,0.4097012698412698,0.548,0.564,0.535,0.54,0.566,0.546,0.551,0.518,0.507,0.517
81000,0.40938611111111106,0.552,0.559,0.535,0.54,0.561,0.547,0.549,0.52,0.505,0.523
82000,0.4087870238095238,0.551,0.56,0.534,0.536,0.559,0.549,0.552,0.52,0.507,0.519
83000,0.4068240873015873,0.551,0.554,0.534,0.536,0.56,0.549,0.549,0.514,0.504,0.52
84000,0.40580325396825395,0.555,0.551,0.533,0.535,0.559,0.546,0.548,0.513,0.501,0.518
85000,0.40575964285714283,0.557,0.551,0.532,0.533,0.556,0.539,0.552,0.513,0.502,0.522
86000,0.4044219841269841,0.558,0.554,0.525,0.532,0.552,0.54,0.549,0.514,0.503,0.519
87000,0.4039490873015873,0.557,0.548,0.529,0.527,0.558,0.536,0.542,0.51,0.508,0.519
88000,0.4053765476190476,0.555,0.547,0.528,0.532,0.563,0.535,0.545,0.51,0.508,0.518
89000,0.40664873015873015,0.557,0.547,0.53,0.534,0.562,0.533,0.547,0.51,0.51,0.519
90000,0.4063854761904762,0.555,0.549,0.529,0.531,0.56,0.533,0.549,0.511,0.51,0.52
91000,0.4076598015873016,0.557,0.55,0.531,0.533,0.561,0.533,0.552,0.512,0.506,0.518
92000,0.408911626984127,0.557,0.554,0.532,0.531,0.56,0.534,0.552,0.513,0.51,0.518
93000,0.4099642857142857,0.557,0.554,0.536,0.53,0.56,0.535,0.555,0.512,0.51,0.517
94000,0.4107910714285714,0.556,0.554,0.539,0.528,0.558,0.536,0.552,0.511,0.512,0.521
95000,0.41296059523809525,0.559,0.557,0.54,0.53,0.56,0.537,0.555,0.511,0.512,0.52
96000,0.41392623015873015,0.559,0.558,0.54,0.529,0.561,0.537,0.559,0.512,0.511,0.519
97000,0.4146962698412698,0.557,0.559,0.544,0.529,0.562,0.539,0.559,0.513,0.51,0.517
98000,0.41427480158730157,0.556,0.557,0.543,0.53,0.563,0.54,0.557,0.512,0.512,0.516
99000,0.4154282936507936,0.558,0.558,0.547,0.53,0.561,0.539,0.559,0.513,0.512,0.515
100000,0.4162069444444444,0.559,0.556,0.546,0.531,0.563,0.542,0.56,0.513,0.512,0.516
101000,0.41613876984126985,0.558,0.555,0.547,0.531,0.564,0.541,0.56,0.513,0.513,0.514
102000,0.4166483333333333,0.557,0.555,0.545,0.532,0.568,0.542,0.561,0.51,0.515,0.517
103000,0.4168630952380952,0.558,0.555,0.544,0.532,0.569,0.542,0.558,0.51,0.516,0.517
104000,0.41803440476190473,0.561,0.554,0.547,0.533,0.57,0.541,0.558,0.509,0.516,0.516
105000,0.4188175793650794,0.563,0.554,0.548,0.535,0.568,0.54,0.556,0.511,0.515,0.518
106000,0.4197919047619048,0.564,0.555,0.548,0.536,0.569,0.54,0.556,0.511,0.516,0.52
107000,0.42010476190476187,0.564,0.555,0.549,0.536,0.569,0.54,0.555,0.511,0.516,0.519
108000,0.4206232142857143,0.564,0.556,0.549,0.537,0.572,0.54,0.555,0.512,0.517,0.518
109000,0.4211202777777777,0.565,0.555,0.549,0.537,0.573,0.54,0.555,0.512,0.519,0.519
110000,0.42137968253968255,0.566,0.556,0.55,0.536,0.571,0.54,0.555,0.513,0.518,0.519
111000,0.42143638888888885,0.566,0.557,0.55,0.536,0.571,0.539,0.557,0.512,0.517,0.519
112000,0.42151369047619053,0.567,0.557,0.548,0.536,0.572,0.539,0.558,0.512,0.516,0.518
113000,0.4210343650793651,0.567,0.556,0.545,0.537,0.571,0.54,0.558,0.513,0.515,0.515
114000,0.4213936111111111,0.567,0.555,0.545,0.537,0.571,0.542,0.558,0.514,0.515,0.514
115000,0.4228696031746032,0.569,0.556,0.546,0.539,0.572,0.541,0.556,0.517,0.516,0.517
116000,0.42459757936507936,0.571,0.557,0.545,0.54,0.575,0.545,0.557,0.517,0.518,0.518
117000,0.424735753968254,0.57,0.557,0.545,0.541,0.574,0.547,0.556,0.519,0.518,0.517
118000,0.4243404365079365,0.571,0.553,0.544,0.54,0.573,0.547,0.557,0.519,0.518,0.517
119000,0.42492857142857143,0.571,0.554,0.545,0.541,0.575,0.547,0.555,0.519,0.52,0.517
120000,0.4244705952380952,0.567,0.553,0.545,0.541,0.575,0.547,0.557,0.519,0.521,0.517
121000,0.42395690476190473,0.565,0.554,0.542,0.542,0.574,0.545,0.557,0.519,0.522,0.517
122000,0.4248974603174603,0.564,0.554,0.543,0.542,0.576,0.546,0.558,0.52,0.522,0.519
123000,0.4252446428571428,0.567,0.555,0.545,0.54,0.577,0.545,0.558,0.519,0.517,0.517
124000,0.4251656746031746,0.567,0.555,0.547,0.54,0.576,0.543,0.554,0.518,0.517,0.52
125000,0.42519682539682535,0.57,0.555,0.546,0.54,0.574,0.544,0.553,0.518,0.517,0.52
126000,0.4255645634920635,0.571,0.557,0.546,0.542,0.574,0.543,0.554,0.516,0.516,0.518
127000,0.4253659126984127,0.57,0.558,0.547,0.541,0.574,0.541,0.553,0.516,0.517,0.517
128000,0.42516706349206346,0.569,0.557,0.546,0.541,0.574,0.541,0.553,0.516,0.518,0.516
129000,0.4254165873015873,0.569,0.558,0.546,0.541,0.573,0.542,0.552,0.514,0.519,0.517
130000,0.42509416666666666,0.569,0.56,0.547,0.54,0.572,0.541,0.552,0.515,0.519,0.515
131000,0.4246193253968254,0.568,0.56,0.546,0.541,0.572,0.541,0.552,0.512,0.518,0.516
132000,0.4243678174603175,0.568,0.56,0.544,0.54,0.572,0.541,0.552,0.512,0.517,0.517
133000,0.42429833333333333,0.568,0.558,0.544,0.541,0.573,0.54,0.552,0.513,0.518,0.518
134000,0.42430361111111115,0.568,0.559,0.544,0.541,0.573,0.54,0.551,0.514,0.519,0.518
135000,0.4252404365079365,0.569,0.561,0.545,0.544,0.573,0.54,0.549,0.514,0.518,0.518
136000,0.42531619047619046,0.569,0.56,0.545,0.544,0.573,0.542,0.548,0.513,0.518,0.518
137000,0.42527468253968254,0.569,0.561,0.544,0.54,0.573,0.544,0.548,0.515,0.518,0.518
138000,0.42508015873015875,0.569,0.56,0.542,0.541,0.574,0.544,0.547,0.517,0.517,0.519
139000,0.42505698412698417,0.568,0.561,0.544,0.54,0.573,0.545,0.545,0.516,0.517,0.521
140000,0.4249266269841269,0.569,0.558,0.544,0.539,0.573,0.545,0.546,0.514,0.518,0.52
141000,0.4243098412698413,0.568,0.557,0.543,0.538,0.574,0.544,0.546,0.515,0.518,0.52
142000,0.42392071428571426,0.569,0.557,0.543,0.536,0.57,0.544,0.546,0.516,0.519,0.52
143000,0.4242313095238095,0.569,0.557,0.544,0.536,0.568,0.544,0.547,0.518,0.519,0.521
144000,0.4244523015873016,0.569,0.556,0.544,0.537,0.568,0.543,0.548,0.519,0.519,0.523
145000,0.4243557936507937,0.569,0.556,0.543,0.536,0.566,0.543,0.548,0.517,0.52,0.525
146000,0.4252821031746032,0.57,0.559,0.545,0.538,0.566,0.544,0.546,0.516,0.521,0.521
147000,0.42535595238095236,0.57,0.559,0.546,0.537,0.567,0.542,0.548,0.517,0.523,0.521
148000,0.42513694444444444,0.569,0.559,0.546,0.537,0.567,0.541,0.548,0.519,0.522,0.52
149000,0.42635325396825396,0.57,0.561,0.548,0.537,0.567,0.543,0.548,0.518,0.524,0.519
150000,0.42684698412698413,0.569,0.559,0.55,0.539,0.567,0.545,0.549,0.517,0.527,0.518
151000,0.4276536507936508,0.57,0.558,0.551,0.54,0.568,0.547,0.55,0.517,0.527,0.519
152000,0.42783075396825393,0.57,0.557,0.553,0.54,0.568,0.547,0.549,0.517,0.525,0.52
153000,0.4283363095238095,0.57,0.558,0.554,0.54,0.57,0.549,0.55,0.517,0.526,0.52
154000,0.42907936507936506,0.571,0.558,0.555,0.54,0.571,0.55,0.55,0.518,0.526,0.519
155000,0.4289485714285714,0.57,0.557,0.554,0.542,0.571,0.55,0.55,0.519,0.528,0.519
156000,0.42937269841269843,0.57,0.557,0.557,0.541,0.571,0.55,0.55,0.519,0.528,0.519
157000,0.4290704761904762,0.568,0.557,0.556,0.542,0.571,0.55,0.55,0.519,0.528,0.519
158000,0.42975305555555554,0.569,0.557,0.556,0.543,0.571,0.55,0.55,0.522,0.528,0.519
159000,0.4298376190476191,0.569,0.557,0.555,0.544,0.57,0.549,0.55,0.522,0.528,0.519
160000,0.42953825396825396,0.568,0.557,0.554,0.545,0.569,0.548,0.55,0.522,0.527,0.52
161000,0.42964158730158725,0.569,0.557,0.552,0.546,0.569,0.548,0.55,0.523,0.526,0.522
162000,0.42961019841269843,0.57,0.557,0.551,0.545,0.569,0.548,0.55,0.523,0.524,0.523
163000,0.4295839285714286,0.57,0.556,0.549,0.544,0.569,0.55,0.55,0.523,0.523,0.522
164000,0.4299732936507937,0.571,0.553,0.551,0.544,0.57,0.55,0.548,0.524,0.524,0.524
165000,0.4288727380952381,0.569,0.55,0.551,0.544,0.57,0.551,0.548,0.522,0.524,0.523
166000,0.4295165873015873,0.569,0.552,0.551,0.544,0.57,0.551,0.549,0.523,0.523,0.523
167000,0.4294698015873015,0.57,0.554,0.552,0.544,0.57,0.551,0.549,0.522,0.523,0.522
168000,0.429055119047619,0.571,0.554,0.55,0.545,0.569,0.551,0.549,0.519,0.522,0.522
169000,0.4292532539682539,0.57,0.556,0.55,0.544,0.569,0.551,0.548,0.519,0.525,0.526
170000,0.4295521825396825,0.569,0.556,0.551,0.547,0.569,0.553,0.546,0.519,0.525,0.526
171000,0.42981785714285714,0.569,0.556,0.551,0.547,0.568,0.554,0.546,0.52,0.525,0.526
172000,0.4286838095238095,0.567,0.554,0.549,0.547,0.568,0.553,0.546,0.52,0.525,0.528
173000,0.42934833333333333,0.568,0.554,0.549,0.55,0.569,0.555,0.545,0.521,0.526,0.528
174000,0.42929111111111107,0.567,0.554,0.547,0.552,0.571,0.555,0.546,0.521,0.526,0.526
175000,0.4294105952380952,0.567,0.553,0.547,0.554,0.572,0.555,0.547,0.522,0.526,0.526
176000,0.42869095238095234,0.568,0.553,0.545,0.554,0.57,0.554,0.547,0.523,0.524,0.526
177000,0.427729126984127,0.568,0.55,0.546,0.553,0.571,0.554,0.545,0.524,0.524,0.525
178000,0.42776718253968254,0.567,0.55,0.549,0.552,0.571,0.552,0.544,0.526,0.525,0.527
179000,0.4270386111111111,0.567,0.548,0.549,0.551,0.573,0.552,0.545,0.527,0.525,0.525
180000,0.425936626984127,0.568,0.546,0.548,0.548,0.572,0.551,0.546,0.526,0.525,0.525
181000,0.4262838095238095,0.569,0.548,0.546,0.548,0.573,0.552,0.545,0.528,0.526,0.525
182000,0.426680873015873,0.568,0.549,0.547,0.549,0.574,0.55,0.546,0.528,0.527,0.525
183000,0.42600924603174606,0.566,0.548,0.547,0.549,0.574,0.551,0.545,0.531,0.527,0.524
184000,0.42512670634920635,0.563,0.548,0.548,0.548,0.574,0.55,0.544,0.53,0.525,0.525
185000,0.4248711111111111,0.565,0.548,0.549,0.547,0.574,0.55,0.539,0.529,0.525,0.523
186000,0.425626626984127,0.564,0.549,0.548,0.55,0.574,0.55,0.54,0.529,0.526,0.523
187000,0.42573059523809526,0.564,0.549,0.549,0.551,0.572,0.551,0.542,0.529,0.527,0.524
188000,0.4257595238095238,0.566,0.548,0.548,0.553,0.572,0.551,0.542,0.528,0.528,0.521
189000,0.4260960317460317,0.565,0.55,0.55,0.553,0.571,0.552,0.54,0.529,0.528,0.52
190000,0.4259173015873016,0.565,0.55,0.548,0.553,0.571,0.552,0.541,0.529,0.528,0.519
191000,0.42540333333333336,0.563,0.549,0.55,0.553,0.571,0.552,0.542,0.527,0.527,0.52
192000,0.42493603174603173,0.563,0.549,0.55,0.551,0.571,0.551,0.541,0.525,0.527,0.52
193000,0.42471400793650793,0.563,0.55,0.548,0.551,0.571,0.55,0.543,0.524,0.527,0.52
194000,0.4252990873015873,0.564,0.55,0.55,0.553,0.572,0.55,0.542,0.523,0.528,0.519
195000,0.42560130952380953,0.563,0.552,0.551,0.554,0.574,0.549,0.541,0.522,0.528,0.518
196000,0.42571511904761905,0.562,0.552,0.552,0.554,0.575,0.548,0.542,0.522,0.528,0.519
197000,0.4254833333333333,0.561,0.553,0.552,0.553,0.575,0.548,0.542,0.522,0.527,0.52
198000,0.42489293650793647,0.561,0.553,0.55,0.551,0.574,0.547,0.543,0.521,0.528,0.519
199000,0.4254784523809524,0.562,0.553,0.551,0.551,0.575,0.547,0.543,0.521,0.528,0.52
200000,0.42544924603174605,0.563,0.551,0.55,0.551,0.576,0.547,0.543,0.52,0.529,0.521
201000,0.4255274603174603,0.564,0.551,0.55,0.551,0.575,0.549,0.542,0.52,0.527,0.52
202000,0.4260661507936508,0.564,0.551,0.549,0.551,0.575,0.549,0.543,0.521,0.528,0.522
203000,0.4260959920634921,0.564,0.551,0.548,0.552,0.575,0.548,0.544,0.52,0.527,0.523
204000,0.425855873015873,0.566,0.551,0.544,0.551,0.575,0.549,0.543,0.519,0.528,0.524
205000,0.4266380555555555,0.568,0.552,0.544,0.551,0.575,0.55,0.543,0.519,0.528,0.523
206000,0.4262451984126984,0.568,0.55,0.543,0.551,0.574,0.55,0.544,0.519,0.527,0.524
207000,0.42631623015873016,0.569,0.549,0.542,0.55,0.571,0.551,0.543,0.52,0.527,0.525
208000,0.4262679365079365,0.569,0.549,0.543,0.549,0.57,0.55,0.543,0.52,0.526,0.525
209000,0.42733908730158726,0.569,0.551,0.544,0.551,0.569,0.55,0.545,0.521,0.526,0.527
210000,0.4273004365079365,0.568,0.55,0.545,0.551,0.569,0.551,0.546,0.521,0.525,0.529
211000,0.4280129365079365,0.57,0.551,0.545,0.552,0.568,0.551,0.546,0.521,0.525,0.53
212000,0.42835595238095237,0.573,0.551,0.545,0.553,0.567,0.551,0.546,0.519,0.524,0.53
213000,0.4284405158730159,0.572,0.552,0.546,0.552,0.568,0.552,0.546,0.518,0.524,0.53
214000,0.4281486111111111,0.571,0.552,0.546,0.551,0.567,0.552,0.546,0.518,0.525,0.53
215000,0.4287119444444444,0.571,0.553,0.547,0.552,0.567,0.554,0.547,0.519,0.524,0.53
216000,0.4293353174603174,0.571,0.554,0.547,0.552,0.567,0.557,0.547,0.521,0.523,0.527
217000,0.42906968253968253,0.569,0.553,0.544,0.552,0.571,0.557,0.55,0.517,0.52,0.528
218000,0.429153373015873,0.569,0.553,0.545,0.551,0.569,0.557,0.55,0.518,0.521,0.528
219000,0.4292271825396825,0.571,0.553,0.545,0.551,0.569,0.556,0.549,0.518,0.521,0.527
220000,0.43014230158730166,0.57,0.556,0.544,0.552,0.57,0.556,0.551,0.517,0.519,0.528
221000,0.4302044047619048,0.57,0.556,0.545,0.552,0.57,0.556,0.549,0.516,0.518,0.528
222000,0.4309140079365079,0.57,0.556,0.547,0.555,0.569,0.555,0.548,0.517,0.519,0.529
223000,0.43088333333333334,0.57,0.555,0.547,0.556,0.569,0.555,0.548,0.517,0.52,0.528
224000,0.4307967063492063,0.569,0.554,0.547,0.555,0.569,0.556,0.548,0.518,0.519,0.53
225000,0.43156904761904763,0.569,0.555,0.549,0.553,0.57,0.557,0.55,0.52,0.518,0.53
226000,0.4318347619047619,0.569,0.555,0.548,0.553,0.571,0.556,0.549,0.521,0.518,0.53
227000,0.4323302777777777,0.57,0.557,0.547,0.553,0.571,0.554,0.549,0.521,0.518,0.529
228000,0.432968253968254,0.571,0.558,0.547,0.555,0.57,0.555,0.549,0.52,0.519,0.528
229000,0.4333907142857143,0.572,0.558,0.548,0.555,0.571,0.556,0.549,0.521,0.519,0.527
230000,0.43355797619047615,0.573,0.558,0.548,0.555,0.569,0.555,0.55,0.521,0.52,0.527
231000,0.433083373015873,0.573,0.558,0.546,0.555,0.567,0.556,0.551,0.52,0.52,0.527
232000,0.4326330952380953,0.573,0.557,0.546,0.554,0.567,0.555,0.552,0.52,0.52,0.526
233000,0.43264349206349206,0.574,0.557,0.546,0.552,0.566,0.556,0.552,0.52,0.519,0.527
234000,0.4323786111111111,0.574,0.558,0.545,0.553,0.565,0.556,0.552,0.52,0.519,0.526
235000,0.43254186507936504,0.575,0.559,0.545,0.552,0.566,0.555,0.553,0.519,0.518,0.525
236000,0.4319152380952381,0.574,0.559,0.546,0.551,0.566,0.553,0.553,0.518,0.518,0.523
237000,0.4319711111111111,0.574,0.56,0.544,0.554,0.566,0.555,0.551,0.518,0.517,0.524
238000,0.43186837301587305,0.575,0.56,0.546,0.551,0.566,0.556,0.551,0.518,0.516,0.524
239000,0.4321823412698413,0.575,0.561,0.547,0.55,0.566,0.556,0.551,0.519,0.516,0.524
240000,0.4326230952380952,0.575,0.563,0.547,0.551,0.566,0.556,0.552,0.519,0.516,0.524
241000,0.43253503968253965,0.574,0.563,0.547,0.551,0.565,0.556,0.552,0.519,0.516,0.525
242000,0.4322043253968254,0.573,0.565,0.548,0.55,0.565,0.556,0.553,0.518,0.516,0.525
243000,0.4315565873015873,0.572,0.565,0.548,0.549,0.564,0.556,0.552,0.519,0.518,0.524
244000,0.4314373015873016,0.571,0.564,0.548,0.549,0.565,0.558,0.553,0.52,0.52,0.523
245000,0.43130242063492064,0.571,0.562,0.549,0.549,0.565,0.56,0.552,0.52,0.521,0.52
246000,0.43145678571428575,0.571,0.564,0.549,0.552,0.565,0.56,0.552,0.519,0.52,0.519
247000,0.4313611111111111,0.571,0.563,0.549,0.551,0.565,0.56,0.553,0.519,0.521,0.522
248000,0.4306254761904762,0.571,0.562,0.548,0.548,0.565,0.56,0.554,0.52,0.519,0.523
249000,0.43081234126984125,0.57,0.563,0.55,0.549,0.566,0.56,0.555,0.518,0.519,0.523
250000,0.43095869047619045,0.57,0.564,0.55,0.549,0.566,0.56,0.556,0.519,0.519,0.523
251000,0.4308674603174603,0.571,0.564,0.551,0.549,0.565,0.559,0.557,0.519,0.518,0.523
252000,0.43025103174603174,0.569,0.564,0.551,0.549,0.565,0.559,0.556,0.516,0.518,0.523
253000,0.4304038095238095,0.567,0.565,0.553,0.549,0.566,0.559,0.557,0.517,0.518,0.523
254000,0.430327380952381,0.569,0.563,0.552,0.55,0.564,0.559,0.557,0.516,0.517,0.522
255000,0.42882166666666666,0.568,0.561,0.551,0.546,0.564,0.559,0.557,0.516,0.517,0.522
256000,0.42808686507936505,0.564,0.558,0.552,0.544,0.565,0.559,0.557,0.518,0.521,0.522
257000,0.4271165873015873,0.563,0.556,0.552,0.544,0.566,0.558,0.556,0.52,0.52,0.52
258000,0.4270349206349206,0.563,0.557,0.553,0.544,0.566,0.56,0.556,0.52,0.518,0.521
259000,0.4269420238095238,0.564,0.555,0.553,0.543,0.566,0.559,0.556,0.522,0.52,0.521
260000,0.42694063492063494,0.566,0.556,0.553,0.543,0.566,0.56,0.554,0.521,0.519,0.519
261000,0.42709301587301585,0.567,0.557,0.552,0.542,0.565,0.559,0.555,0.522,0.52,0.518
262000,0.42741190476190477,0.566,0.559,0.552,0.542,0.566,0.558,0.555,0.522,0.52,0.518
263000,0.42665988095238094,0.567,0.558,0.55,0.54,0.566,0.557,0.556,0.523,0.521,0.516
264000,0.42721936507936503,0.569,0.558,0.55,0.541,0.564,0.558,0.557,0.521,0.521,0.519
265000,0.4268201190476191,0.569,0.557,0.55,0.54,0.564,0.56,0.558,0.521,0.521,0.52
266000,0.42658277777777776,0.57,0.557,0.548,0.537,0.565,0.557,0.56,0.521,0.52,0.519
267000,0.4265254761904762,0.57,0.556,0.55,0.537,0.568,0.559,0.558,0.52,0.52,0.517
268000,0.42501857142857147,0.566,0.555,0.548,0.54,0.569,0.558,0.559,0.517,0.52,0.518
269000,0.42602801587301586,0.567,0.556,0.55,0.541,0.572,0.559,0.56,0.516,0.52,0.517
270000,0.42556623015873013,0.568,0.556,0.551,0.54,0.572,0.559,0.557,0.517,0.518,0.516
271000,0.4252486111111111,0.566,0.555,0.55,0.542,0.572,0.559,0.557,0.518,0.518,0.517
272000,0.4246657936507936,0.567,0.553,0.55,0.541,0.571,0.557,0.557,0.518,0.517,0.515
273000,0.4249365873015873,0.565,0.553,0.55,0.542,0.571,0.558,0.557,0.521,0.516,0.517
274000,0.4255271428571429,0.565,0.554,0.55,0.543,0.572,0.557,0.555,0.524,0.515,0.516
275000,0.42550948412698414,0.567,0.553,0.549,0.545,0.57,0.554,0.557,0.525,0.514,0.516
276000,0.4253048412698413,0.569,0.553,0.547,0.546,0.57,0.553,0.556,0.526,0.512,0.516
277000,0.42576892857142856,0.569,0.552,0.55,0.545,0.571,0.552,0.556,0.526,0.514,0.517
278000,0.42495234126984127,0.571,0.548,0.551,0.546,0.568,0.551,0.554,0.524,0.513,0.516
279000,0.4240541666666667,0.57,0.548,0.552,0.542,0.567,0.552,0.554,0.524,0.511,0.515
280000,0.42283206349206354,0.568,0.546,0.552,0.544,0.563,0.552,0.553,0.522,0.51,0.515
281000,0.42225261904761907,0.568,0.547,0.55,0.543,0.566,0.551,0.554,0.519,0.51,0.514
282000,0.42220849206349204,0.568,0.547,0.55,0.544,0.565,0.55,0.554,0.521,0.51,0.514
283000,0.42323083333333333,0.569,0.546,0.55,0.547,0.567,0.55,0.555,0.523,0.512,0.515
284000,0.42305063492063494,0.568,0.546,0.55,0.547,0.566,0.549,0.556,0.525,0.512,0.515
285000,0.423667619047619,0.569,0.546,0.55,0.548,0.568,0.549,0.558,0.524,0.512,0.515
286000,0.42359634920634925,0.568,0.547,0.549,0.549,0.569,0.549,0.558,0.525,0.513,0.515
287000,0.42347186507936513,0.567,0.546,0.55,0.548,0.569,0.549,0.558,0.528,0.514,0.515
288000,0.42335400793650796,0.566,0.545,0.551,0.547,0.568,0.55,0.56,0.527,0.514,0.516
289000,0.4234731349206349,0.567,0.547,0.55,0.546,0.567,0.549,0.559,0.527,0.514,0.516
290000,0.4232487698412698,0.566,0.546,0.551,0.544,0.568,0.55,0.561,0.527,0.517,0.516
291000,0.4223166666666667,0.567,0.544,0.551,0.545,0.569,0.548,0.557,0.526,0.515,0.515
292000,0.4214719444444444,0.566,0.544,0.55,0.547,0.568,0.546,0.555,0.526,0.514,0.515
293000,0.42108460317460317,0.566,0.544,0.549,0.549,0.568,0.545,0.553,0.526,0.515,0.515
294000,0.42133650793650795,0.566,0.544,0.55,0.551,0.565,0.544,0.553,0.529,0.516,0.511
295000,0.4217680555555555,0.566,0.544,0.551,0.552,0.566,0.543,0.553,0.529,0.516,0.51
296000,0.42194539682539683,0.566,0.545,0.551,0.552,0.567,0.542,0.552,0.528,0.513,0.51
297000,0.42203523809523813,0.567,0.546,0.551,0.552,0.566,0.543,0.552,0.526,0.513,0.509
298000,0.4215994444444444,0.567,0.546,0.549,0.556,0.565,0.539,0.552,0.525,0.513,0.509
299000,0.4220213095238095,0.567,0.544,0.55,0.556,0.569,0.54,0.549,0.525,0.513,0.512
300000,0.4230377380952381,0.568,0.545,0.551,0.556,0.57,0.541,0.547,0.525,0.514,0.512
301000,0.4235960317460317,0.568,0.545,0.552,0.555,0.57,0.542,0.548,0.526,0.516,0.513
302000,0.4227888095238095,0.567,0.547,0.551,0.553,0.572,0.54,0.547,0.525,0.513,0.512
303000,0.42347730158730157,0.566,0.546,0.552,0.557,0.573,0.542,0.546,0.523,0.514,0.512
304000,0.4233437301587301,0.566,0.548,0.551,0.559,0.572,0.541,0.545,0.523,0.514,0.511
305000,0.42153698412698415,0.562,0.544,0.549,0.558,0.57,0.541,0.544,0.522,0.515,0.51
306000,0.4219072222222222,0.562,0.546,0.548,0.558,0.566,0.542,0.545,0.522,0.515,0.511
307000,0.4212784126984127,0.561,0.548,0.548,0.558,0.566,0.538,0.545,0.521,0.514,0.512
308000,0.42214107142857143,0.559,0.55,0.549,0.554,0.568,0.543,0.547,0.523,0.515,0.515
309000,0.42202710317460324,0.56,0.552,0.546,0.556,0.569,0.541,0.548,0.523,0.516,0.518
310000,0.4209444841269841,0.56,0.552,0.545,0.557,0.569,0.54,0.547,0.522,0.514,0.518
311000,0.4202236507936508,0.558,0.55,0.545,0.555,0.569,0.544,0.546,0.521,0.512,0.52
312000,0.4201042063492063,0.558,0.549,0.544,0.556,0.568,0.544,0.545,0.523,0.51,0.518
313000,0.42094944444444443,0.557,0.55,0.546,0.557,0.568,0.547,0.545,0.522,0.51,0.517
314000,0.42178460317460315,0.56,0.549,0.546,0.553,0.569,0.544,0.545,0.525,0.507,0.52
315000,0.4230315873015873,0.563,0.55,0.546,0.553,0.57,0.547,0.542,0.522,0.511,0.521
316000,0.4235676587301588,0.563,0.551,0.547,0.553,0.571,0.547,0.543,0.52,0.516,0.519
317000,0.4236102777777778,0.56,0.55,0.545,0.552,0.572,0.548,0.546,0.522,0.518,0.518
318000,0.42460361111111117,0.562,0.549,0.543,0.553,0.572,0.549,0.545,0.525,0.519,0.519
319000,0.4249559523809524,0.564,0.55,0.542,0.553,0.572,0.549,0.544,0.524,0.519,0.521
320000,0.42499861111111115,0.565,0.549,0.543,0.554,0.572,0.55,0.543,0.522,0.518,0.521
321000,0.42572305555555556,0.567,0.549,0.543,0.555,0.572,0.55,0.543,0.522,0.519,0.519
322000,0.42454928571428574,0.564,0.547,0.543,0.556,0.573,0.553,0.543,0.522,0.518,0.52
323000,0.4244163492063492,0.567,0.546,0.544,0.554,0.573,0.553,0.542,0.52,0.519,0.521
324000,0.42423833333333333,0.567,0.546,0.545,0.556,0.569,0.553,0.54,0.519,0.523,0.52
325000,0.4246556349206349,0.567,0.545,0.545,0.558,0.569,0.551,0.539,0.52,0.521,0.522
326000,0.42470861111111113,0.567,0.547,0.547,0.557,0.567,0.549,0.538,0.518,0.517,0.521
327000,0.42729595238095236,0.568,0.55,0.55,0.559,0.567,0.546,0.542,0.524,0.52,0.52
328000,0.4272815873015873,0.569,0.549,0.551,0.56,0.566,0.545,0.542,0.523,0.52,0.518
329000,0.4262151587301587,0.567,0.546,0.552,0.56,0.565,0.547,0.542,0.523,0.521,0.516
330000,0.4269192857142857,0.566,0.549,0.551,0.56,0.565,0.547,0.543,0.523,0.522,0.514
331000,0.4265668253968254,0.566,0.548,0.55,0.558,0.566,0.547,0.541,0.523,0.522,0.515
332000,0.4277367857142857,0.566,0.55,0.552,0.558,0.564,0.548,0.546,0.524,0.521,0.515
333000,0.4283007936507936,0.566,0.549,0.553,0.557,0.565,0.548,0.548,0.525,0.521,0.516
334000,0.42883686507936514,0.567,0.547,0.552,0.556,0.564,0.545,0.549,0.526,0.523,0.518
335000,0.43009190476190473,0.569,0.549,0.55,0.558,0.565,0.546,0.55,0.528,0.52,0.516
336000,0.42938051587301584,0.568,0.548,0.553,0.555,0.564,0.545,0.548,0.526,0.518,0.517
337000,0.4306616666666666,0.568,0.552,0.551,0.555,0.565,0.548,0.549,0.527,0.52,0.517
338000,0.43087071428571433,0.569,0.555,0.552,0.554,0.564,0.547,0.546,0.526,0.519,0.517
339000,0.4320454761904762,0.569,0.557,0.551,0.552,0.569,0.546,0.549,0.528,0.517,0.52
340000,0.43254738095238093,0.568,0.557,0.551,0.553,0.57,0.547,0.549,0.532,0.519,0.517
341000,0.43378480158730154,0.571,0.559,0.553,0.551,0.569,0.546,0.55,0.531,0.521,0.521
342000,0.4358295238095238,0.573,0.56,0.555,0.553,0.566,0.549,0.551,0.532,0.525,0.521
343000,0.43551206349206345,0.571,0.561,0.555,0.552,0.567,0.549,0.552,0.533,0.522,0.522
344000,0.4355556349206349,0.57,0.561,0.558,0.553,0.566,0.548,0.552,0.534,0.521,0.523
345000,0.43662801587301586,0.571,0.562,0.561,0.555,0.566,0.55,0.553,0.535,0.521,0.521
346000,0.4365663492063492,0.57,0.561,0.563,0.552,0.566,0.55,0.553,0.535,0.524,0.522
347000,0.43566214285714283,0.569,0.561,0.563,0.554,0.566,0.548,0.553,0.533,0.523,0.521
348000,0.4360656746031746,0.569,0.562,0.566,0.554,0.565,0.545,0.552,0.533,0.522,0.52
349000,0.4354337698412698,0.57,0.561,0.563,0.554,0.566,0.546,0.552,0.532,0.523,0.52
350000,0.43474134920634916,0.571,0.561,0.563,0.554,0.566,0.548,0.551,0.532,0.519,0.516
351000,0.43163345238095235,0.563,0.558,0.559,0.555,0.567,0.549,0.551,0.536,0.518,0.512
352000,0.42792071428571427,0.564,0.549,0.556,0.559,0.56,0.55,0.543,0.532,0.519,0.511
353000,0.4254246825396825,0.565,0.548,0.555,0.559,0.56,0.546,0.547,0.528,0.516,0.51
354000,0.4217647619047619,0.567,0.552,0.552,0.559,0.552,0.545,0.541,0.524,0.514,0.51
355000,0.4173645238095238,0.561,0.555,0.551,0.558,0.552,0.537,0.536,0.523,0.508,0.509
356000,0.4136943650793651,0.557,0.554,0.55,0.562,0.549,0.533,0.528,0.523,0.515,0.507
357000,0.411166746031746,0.558,0.553,0.553,0.565,0.542,0.54,0.523,0.519,0.513,0.497
358000,0.40775083333333334,0.558,0.551,0.552,0.562,0.542,0.538,0.52,0.518,0.512,0.496
359000,0.40439555555555556,0.552,0.551,0.549,0.555,0.543,0.539,0.524,0.516,0.511,0.496
360000,0.4047434920634921,0.551,0.555,0.548,0.554,0.539,0.538,0.53,0.519,0.506,0.497
361000,0.40605630952380956,0.549,0.558,0.548,0.554,0.543,0.538,0.525,0.517,0.512,0.501
362000,0.4075985714285714,0.554,0.559,0.548,0.55,0.543,0.543,0.528,0.513,0.511,0.501
363000,0.41074801587301585,0.556,0.56,0.551,0.549,0.543,0.547,0.528,0.515,0.513,0.5
364000,0.4108410317460317,0.554,0.555,0.554,0.55,0.544,0.547,0.527,0.515,0.513,0.503
365000,0.4140628571428572,0.559,0.556,0.554,0.551,0.548,0.546,0.534,0.52,0.519,0.502
366000,0.4130457936507936,0.561,0.554,0.552,0.556,0.549,0.549,0.534,0.515,0.519,0.497
367000,0.4066834920634921,0.557,0.555,0.544,0.553,0.551,0.543,0.527,0.513,0.521,0.495
368000,0.3981282142857143,0.554,0.549,0.549,0.549,0.538,0.545,0.521,0.515,0.523,0.49
369000,0.38695444444444443,0.549,0.544,0.544,0.531,0.524,0.548,0.511,0.515,0.524,0.479
370000,0.38021019841269843,0.539,0.544,0.544,0.539,0.517,0.547,0.511,0.512,0.516,0.485
371000,0.35676365079365074,0.544,0.52,0.51,0.533,0.501,0.54,0.496,0.501,0.515,0.479
372000,0.3273794444444444,0.519,0.506,0.497,0.493,0.484,0.525,0.485,0.488,0.503,0.469
373000,0.32091611111111107,0.501,0.476,0.491,0.495,0.45,0.51,0.491,0.495,0.501,0.478
374000,0.32602706349206345,0.496,0.478,0.481,0.481,0.443,0.503,0.498,0.495,0.495,0.471
375000,0.327172380952381,0.48,0.477,0.487,0.475,0.452,0.497,0.496,0.492,0.496,0.475
376000,0.3261372619047619,0.479,0.47,0.481,0.477,0.438,0.483,0.487,0.491,0.492,0.477
377000,0.3263670634920635,0.473,0.466,0.477,0.476,0.441,0.479,0.49,0.48,0.493,0.475
378000,0.3289447619047619,0.479,0.465,0.472,0.481,0.44,0.478,0.487,0.486,0.489,0.479
379000,0.32933765873015874,0.475,0.471,0.48,0.483,0.437,0.482,0.486,0.487,0.492,0.473
380000,0.3283367857142857,0.479,0.465,0.488,0.487,0.45,0.48,0.483,0.497,0.498,0.475
381000,0.3266495238095239,0.492,0.48,0.484,0.482,0.455,0.492,0.498,0.498,0.504,0.468
382000,0.32409039682539686,0.498,0.484,0.483,0.49,0.468,0.503,0.497,0.502,0.515,0.474
383000,0.3247320634920635,0.502,0.485,0.48,0.485,0.48,0.506,0.493,0.5,0.513,0.464
384000,0.3302863492063492,0.491,0.49,0.501,0.487,0.458,0.492,0.504,0.512,0.497,0.467
385000,0.3295438492063492,0.485,0.489,0.503,0.485,0.454,0.489,0.498,0.51,0.493,0.468
386000,0.32800825396825395,0.481,0.486,0.498,0.488,0.459,0.486,0.501,0.504,0.49,0.466
387000,0.32344932539682536,0.477,0.488,0.49,0.484,0.458,0.474,0.504,0.5,0.496,0.471
388000,0.3233635317460318,0.479,0.499,0.487,0.506,0.47,0.473,0.508,0.496,0.494,0.472
389000,0.32008956349206347,0.49,0.492,0.496,0.513,0.489,0.481,0.492,0.491,0.506,0.468
390000,0.3350784126984127,0.511,0.504,0.507,0.518,0.494,0.506,0.483,0.504,0.493,0.498
391000,0.36484158730158733,0.521,0.521,0.535,0.529,0.525,0.533,0.501,0.513,0.51,0.49
392000,0.3825644841269841,0.539,0.537,0.531,0.534,0.537,0.541,0.515,0.52,0.508,0.493
393000,0.37971793650793656,0.535,0.543,0.535,0.533,0.539,0.527,0.517,0.523,0.495,0.482
394000,0.388445119047619,0.538,0.548,0.534,0.55,0.546,0.533,0.523,0.53,0.494,0.493
395000,0.39338361111111114,0.545,0.555,0.538,0.556,0.547,0.535,0.517,0.524,0.489,0.507
396000,0.3921113095238095,0.541,0.542,0.536,0.552,0.551,0.538,0.516,0.516,0.495,0.519
397000,0.3946867857142857,0.547,0.545,0.537,0.554,0.55,0.54,0.518,0.521,0.491,0.529
398000,0.38563444444444445,0.537,0.539,0.538,0.547,0.553,0.537,0.511,0.519,0.492,0.511
399000,0.3742555555555555,0.526,0.532,0.527,0.54,0.547,0.538,0.507,0.52,0.494,0.509
400000,0.3617416666666667,0.519,0.531,0.519,0.515,0.543,0.537,0.496,0.511,0.503,0.503
401000,0.3473442063492064,0.51,0.516,0.497,0.504,0.538,0.529,0.488,0.505,0.509,0.505
402000,0.3280536904761905,0.491,0.481,0.493,0.489,0.516,0.532,0.463,0.503,0.494,0.499
403000,0.3219855555555556,0.491,0.475,0.478,0.503,0.503,0.529,0.449,0.496,0.501,0.492
404000,0.3207189285714286,0.503,0.458,0.476,0.487,0.481,0.518,0.457,0.506,0.495,0.489
405000,0.3208221428571429,0.485,0.463,0.465,0.478,0.471,0.501,0.462,0.498,0.501,0.485
406000,0.3268892063492064,0.487,0.471,0.461,0.48,0.466,0.501,0.456,0.497,0.499,0.488
407000,0.3272408333333333,0.488,0.469,0.454,0.479,0.451,0.487,0.457,0.496,0.496,0.493
408000,0.32920087301587303,0.482,0.456,0.458,0.473,0.45,0.481,0.469,0.492,0.491,0.49
409000,0.3280887301587302,0.479,0.455,0.461,0.471,0.437,0.48,0.464,0.485,0.492,0.483
